Soyisim,Modern Numeroloji,Türk Alfabe Sıra No,Türkçe En Küçük Ebcet,Türkçe Küçük Ebcet,Türkçe Büyük Ebcet,Türkçe En Büyük Ebcet
ABACIOĞLU,35,85,35,755,4067,6748
ABAT,6,28,12,504,516,3531
ABSEYİ,25,71,16,1228,1269,9536
ACAR,14,26,13,205,217,3827
AÇAR,14,27,13,205,217,3827
ACARBULUT,27,117,25,1957,3184,13361
AÇIKGÖZ,36,86,35,1151,1272,2881
ADALI,18,33,18,66,88,1513
ADANIR,29,56,34,286,313,5953
ADIGÜZEL,40,101,37,1777,2513,6248
ADISANLI,33,83,38,446,488,6851
AFŞAR,18,53,20,608,625,7079
AĞCA,12,14,13,13,2625,2512
AHÇI,21,26,23,23,44,2799
AHISKALI,34,85,37,421,463,6186
AK,3,15,5,41,47,512
AK YILDIRIM,57,133,49,1285,1346,9906
AKAN,9,33,16,112,124,2619
AKANSEL,18,76,23,467,494,6454
AKAR,13,37,14,242,254,3414
AKASLAN,14,71,19,463,486,6269
AKAY,11,44,6,942,954,5058
AKBAŞ,7,41,12,444,461,4208
AKBAŞ ÖNCEL,29,101,38,662,789,7823
AKBUDAK,15,62,16,688,1310,5059
AKBULUT,16,106,17,1793,3014,10046
AKCA ÇAĞLAR,31,70,32,308,2942,6754
AKÇALI,19,46,21,105,132,1712
AKCAN ATASOY,30,130,37,1897,2011,15120
AKCAN PAKSOY,36,139,36,1536,1654,14781
AKÇAY,14,48,9,945,962,5761
AKÇAYIR,32,80,27,1155,1187,8591
AKDEMİR,34,75,30,330,376,6614
AKDENİZ,34,84,36,1140,1186,4890
AKDOĞAN,26,65,36,204,2906,5498
AKDUMAN,20,79,20,776,1398,7595
AKEL,11,36,12,96,112,1044
AKGÜL,16,64,18,798,1514,5095
AKGÜN,18,66,26,818,1534,6855
AKHUN,19,67,24,720,1336,7282
AKIN,17,43,25,121,142,2547
AKINCI,29,57,38,134,170,3400
AKIŞ,13,49,19,451,472,4056
AKKAN,11,47,20,152,169,2909
AKKAŞ,7,53,14,482,499,4418
AKKAYA,14,59,11,983,1001,5570
AKKOYUN,26,117,27,1731,2432,10892
AKKOYUNLU,32,157,29,2381,3687,14178
AKMAN,13,49,16,172,189,3640
AKMEŞE,18,66,19,511,537,5741
AKOVA,14,61,22,922,1014,5419
AKÖZ,17,63,15,1131,1232,1099
AKPINAR,34,85,38,422,454,8049
AKSAÇ,8,42,9,345,362,4740
AKŞAHİN,27,78,37,541,583,8937
AKSAKAL,11,68,13,433,456,4674
AKSEL,12,58,12,396,417,4347
AKSOY,17,83,13,1321,1417,8859
AKSÖZ,18,85,15,1431,1537,4402
AKSU,7,62,5,941,1552,6976
AKSUN,12,79,15,1011,1627,8861
AKTAN,11,57,24,612,629,5626
AKTAŞ,7,63,18,942,959,7135
AKTEMUR,26,107,26,1406,2032,10788
AKTUĞ,15,73,21,1149,4365,8045
AKTÜRK,19,100,29,1481,2202,10018
AKYILMAZ,35,115,22,2062,2099,6446
AKYOL,19,76,15,1071,1167,5681
AKYÜREK,29,110,26,1886,2612,11742
AKYÜZ,21,98,13,2641,3357,8457
AL,4,16,3,51,57,347
ALABALIK,22,60,23,155,188,1436
ALADAĞ,17,32,17,65,2683,2950
ALAN,10,34,14,122,134,2454
ALAY,12,45,4,952,964,4893
ALAYBEYOĞLU,45,148,29,2597,5914,15075
ALBAŞ,8,42,10,454,471,4043
ALBAY,14,47,6,954,971,4973
ALBAYRAK,26,83,19,1195,1223,8165
ALBEN,16,41,20,128,149,2719
ALBOĞA,20,46,22,142,2839,2734
ALDİNÇ,25,54,28,148,189,4929
ALĞAN,17,43,22,130,2747,3819
ALICI,25,41,26,74,105,1350
ALIM,17,43,13,121,142,1518
ALIMLI,29,69,25,181,217,1793
ALIŞIK,25,75,31,511,547,4331
ALKAÇ,10,35,11,95,112,1562
ALKIŞ,16,64,21,501,527,4181
ALKURT KAYIKÇI,53,183,55,2395,3057,15614
ALMACIOĞLU,40,114,35,863,4180,7814
ALMOFTI,31,92,35,707,818,5806
ALP,11,36,7,151,162,2947
ALPARSLAN,31,113,29,773,806,11384
ALPAYCI,31,79,21,1065,1097,8346
ALPINAR,35,86,36,432,464,7884
ALPSAN GÖKMEN,47,156,50,794,931,13384
ALTAŞ,8,64,16,952,969,6970
ALTIN,20,68,31,631,657,5389
ALTINBOĞA,36,98,50,722,3439,7776
ALTINSOY,34,136,39,1911,2027,13736
ALTUN,14,82,21,1221,1837,8400
ALTUNA,15,83,22,1222,1839,8622
ALTUNÖZ,28,130,31,2311,3022,8987
ALTUNTAŞ,18,130,34,2122,2749,15023
ALTUNYAPRAK,41,167,39,2463,3101,18738
ALUÇLU,16,85,8,1304,2520,7497
AMİROVA UÇAN,46,143,48,1836,2564,16001
ANIK,17,43,25,121,142,2547
APAYDIN,34,83,30,1086,1118,10197
ARACI,23,37,23,215,237,3977
ARARAT,23,69,27,903,921,9033
ARAS,12,45,10,502,514,6427
ARAZ SERVER,52,155,48,2712,2754,16658
ARDA,15,28,14,206,218,3918
ARDIÇ,26,42,26,218,244,4549
ARGA,18,31,17,209,221,4053
ARGON,28,65,34,358,454,6436
ARI,19,33,19,211,227,3052
ARICI,31,47,32,224,255,3905
ARİFOĞLU,44,108,41,965,4286,10034
ARIK,21,47,23,251,272,3342
ARIKAN,27,65,34,322,349,5449
ARIKAN YORGUN,64,182,67,2179,2906,19148
ARIKBOĞA,37,77,42,342,3054,5729
ARKAN,18,54,24,312,329,5299
ARMAĞAN,28,66,29,341,2964,7617
ARPAT,20,67,22,802,819,8731
ARSLAN,20,77,22,622,644,8437
ARSLAN KAŞDOĞAN,47,165,62,1226,3955,17329
ARSLANKEÇECİOĞLU,66,189,68,1436,4793,17518
ARSLANOĞLU,39,144,40,1360,4672,13808
ARTUÇ,18,75,20,1304,1920,9773
AŞAN,8,42,16,472,484,5723
ASENA,13,47,17,377,394,6039
ASIG,18,42,18,318,339,4604
AŞIK,13,49,19,451,472,4056
ASİL,14,50,11,371,402,4850
AŞKIN,18,66,29,521,547,5941
ASLAN,11,56,14,422,439,5757
ASLANALP,22,92,21,573,601,8704
ASLANER,25,83,27,627,654,8844
ASLANKARA,24,93,28,664,693,9171
ASOĞLU,21,90,19,1039,4335,8896
ATABAY,14,57,13,1405,1423,8077
ATAK,6,40,14,542,554,3741
ATALAY,15,70,13,1453,1471,8122
ATAR,13,47,18,702,714,6131
ATASOY,18,94,18,1782,1879,11798
ATAY,11,54,10,1402,1414,7775
ATBAŞ,7,51,16,904,921,6925
ATBİNİCİ,40,83,48,636,717,9497
ATÇEKEN,23,72,36,624,655,6921
ATCI,15,39,22,514,535,4082
ATEŞ,9,54,18,906,922,7030
ATEŞ BUDAK,21,101,29,1553,2185,11577
ATİK,14,51,21,561,592,4719
ATİLA,16,53,20,572,604,4776
ATILGAN,28,77,39,639,671,6540
ATİLLA,19,68,22,622,659,4901
ATLANOĞLU,31,125,40,1360,4667,10832
ATMIŞ,17,75,23,971,997,7794
AVCI,17,42,22,814,835,5040
AVCIOĞLU,36,109,40,1552,4863,10411
AVCU,11,56,12,1404,2015,8051
AVLANIR,32,93,40,1132,1164,9249
AVŞAR,16,73,22,1402,1419,10483
AVSEREN,30,100,37,1381,1412,12869
AY GÜNEY,35,114,27,2583,3309,15620
AYAS,10,52,2,1202,1214,8071
AYAZ,17,59,6,1902,1914,4860
AYCAN,17,50,15,975,992,7356
AYDEMİR,39,89,26,1190,1236,10648
AYDIN,26,62,25,985,1011,7375
AYDIN BADILLIOĞLU,76,189,74,1850,5207,14392
AYDINER,40,89,38,1190,1226,10462
AYDOĞAN,31,79,32,1064,3766,9532
AYDOS,19,74,13,1285,1381,9363
AYDUĞAN,28,86,24,1584,4806,11973
AYHAN,22,57,21,981,998,8377
AYIK,19,54,15,951,972,4986
AYKAN,16,61,16,1012,1029,6943
AYKOL,19,76,15,1071,1167,5681
AYKUŞ,14,91,9,1941,2557,11391
AYMAN,18,63,12,1032,1049,7674
AYRANCI,35,82,33,1185,1217,10186
AYTAÇ,14,58,13,1405,1422,8478
AYTEKİN,31,102,36,1536,1582,11335
AYVAZ,21,86,14,2702,2719,8825
AYYILDIZ,48,128,31,2875,2921,10181
AZAK,12,45,10,1042,1054,826
AZAP,17,51,10,1102,1114,3136
AZAR,19,52,14,1202,1214,3216
AZRAK,21,66,18,1242,1259,3506
BABA,6,6,6,6,18,604
BABACAN,15,27,20,80,103,3414
BABADAĞI,27,32,29,29,2662,3135
BABAYİĞİT,40,91,38,1454,4121,11700
BABUŞ,9,53,9,1005,1621,6937
BACAK,9,21,11,47,64,1517
BACAKSIZ,27,83,25,1357,1394,5062
BADEM,16,30,12,72,93,2524
BAĞ,10,12,11,11,2622,1667
BAĞCI,22,26,24,24,2650,2520
BAĞCIK,24,40,28,64,2695,2810
BAGLARS,24,70,21,561,588,7561
BAĞLI,22,38,23,71,2697,1942
BAHADIR,34,51,35,227,259,5872
BAHÇEBAŞI,32,60,37,433,475,6982
BAHÇECİ,31,38,31,43,89,5039
BAK,5,17,7,43,54,592
BAKAN,11,35,18,114,131,2699
BAKANAY ÖZTÜRK,49,197,53,3545,4378,17338
BAKAR,15,39,16,244,261,3494
BAKAY,13,46,8,944,961,5138
BAKIRCI,35,63,38,266,307,4275
BAKLACI,21,47,23,107,139,1792
BAKLALI,21,59,22,154,186,1214
BAL,6,18,5,53,64,427
BALABAN,15,39,19,127,150,2836
BALAL,10,34,8,104,121,774
BALCI,18,32,18,66,92,1280
BALLI,18,44,17,113,139,702
BALOĞLU,25,85,23,791,4092,5798
BALSAK,10,55,10,394,416,4242
BALTA,9,43,14,554,571,3656
BALTACI,21,57,27,567,599,4509
BARAN,18,42,22,274,291,5089
BARATALI,28,76,33,765,798,6708
BARBAROS,31,88,30,786,893,9987
BARÇA,16,29,15,207,224,3907
BARÇAK,18,43,19,247,269,4197
BARDAKÇI,31,59,33,261,298,5141
BARIŞAN,28,76,36,684,716,8633
BARUT,17,73,19,1303,1919,9150
BAŞ,4,26,7,403,414,3696
BAŞAK,7,41,12,444,461,4208
BAŞAR,14,48,16,604,621,6598
BAŞARAN,20,66,27,675,698,8705
BAŞARGAN,27,74,34,682,710,9634
BAŞCI,16,40,20,416,442,4549
BAŞDAŞ,10,55,16,808,830,8106
BAŞER,18,53,20,608,629,6783
BAŞKAK,9,55,16,484,506,4498
BAŞKAN,12,58,22,514,536,6093
BAŞKAN VURALKAN,40,179,56,2276,2925,18643
BAŞMAN,14,60,18,534,556,6824
BAŞTEMİR,33,105,36,1188,1239,12011
BAŞTÜRK AYHAN,42,168,52,2824,3567,21579
BAŞYİĞİT,38,111,39,1851,4517,14792
BAŞYURT,25,124,23,2603,3229,16868
BATÇIK,19,56,28,556,587,4452
BATGİ AZARKAN,48,131,55,1843,1902,11051
BATMAZ,18,73,16,1564,1586,4644
BAYAM,15,48,4,964,981,5869
BAYANA,17,50,15,975,993,6955
BAYAR,20,53,12,1104,1121,7528
BAYGELDİ,38,77,29,989,1040,8081
BAYHAN,24,59,23,983,1005,8457
BAYMAK,17,62,8,1004,1026,6159
BAYRAK,22,67,16,1144,1166,7818
BAYRAKÇI,34,82,29,1157,1194,8671
BAYRAKTAR,34,113,33,1845,1878,13727
BAYRAKTAROĞLU,53,180,51,2583,5906,19098
BAYRAM,24,69,12,1164,1186,8549
BAYRAMOĞLU,43,136,30,1902,5214,13920
BAYSAL,15,69,6,1254,1276,8276
BAYSOY,24,99,11,2183,2284,12973
BAYTAN,18,73,22,1474,1496,9740
BAZ,11,32,7,1003,1014,394
BAZİKİ,31,70,27,1083,1139,3084
BEDER,25,40,24,216,241,4368
BEKAR,19,44,20,248,269,3679
BEKLER,26,64,26,302,332,3989
BEKTAŞ,13,70,24,948,974,7400
BELGEMEN,36,76,36,204,244,5261
BERBER,32,58,30,414,444,6334
BEREKATOĞLU,45,141,51,1491,4812,12464
BEREKET,30,79,37,757,792,7278
BERENT,28,76,38,782,812,8466
BERK,18,43,19,247,267,3457
BERKAY,26,72,20,1148,1174,8003
BERTAN,24,71,34,778,804,8281
BEYOĞLU,33,103,25,1645,4950,10182
BIÇAKÇI,29,47,33,69,110,2298
BİCAN,20,35,24,96,132,4090
BİÇER,28,45,26,230,270,5070
BİLAL,18,45,15,123,159,1752
BİLGE,26,43,24,84,124,2741
BİLGİ,30,49,27,99,154,3534
BİLGİÇ,33,53,30,102,162,4237
BİLGİN,35,66,37,169,229,5419
BİLİCİ,35,56,31,115,190,4508
BİNBOĞA,32,61,39,183,2904,5552
BİNNETOĞLU,47,145,61,1405,4740,13835
BİRİ,29,47,26,242,292,5160
BOBUŞOĞLU,33,137,34,1822,5807,12806
BÖCÜ,14,50,15,795,1595,4807
BODUROĞLU,43,138,40,1624,5609,12806
BOĞAN,21,47,29,161,2857,4272
BOLAÇ,15,40,16,136,232,1850
BOLAT,14,60,21,633,729,4154
BOLATKALE,25,96,33,729,841,5198
BOLATTÜRK,30,145,45,2073,2884,13660
BOLKAN,19,67,27,243,344,3322
BOLSOY,25,103,20,1412,1592,9272
BÖLÜK,16,76,18,882,1687,4519
BÖLÜKBAŞ,20,102,25,1285,2101,8215
BÖRTA,20,67,25,793,899,6484
BOSTANKOLU,31,156,43,1723,2514,13513
BÖYÜK,20,89,16,1732,2537,8718
BOZAN,22,67,25,1153,1249,2999
BOZARSLAN,36,126,36,1704,1816,9329
BOZKURT,32,133,34,2422,3127,10030
BOZKURTER,46,160,47,2627,3342,13117
BOZKUŞ,22,111,22,2122,2822,7737
BOZOĞLAN,38,109,43,1291,4077,5209
BOZOĞLU,35,116,32,1820,5200,6263
BOZPOLAT,35,127,37,1813,1999,7566
BÜBER,21,57,21,909,1629,6776
BÜDÜN,17,76,24,1476,2891,9817
BUDUNOĞLU,36,141,34,2014,6519,14452
BUĞRUL,27,97,20,1460,5280,10572
BÜKÜLMEZ,30,134,25,2557,3987,9073
BÜKÜM,14,84,14,1502,2917,8449
BULAKÇI,23,72,22,706,1337,4731
BÜLBÜL,16,86,16,1504,2924,7468
BULUÇ,14,71,7,1255,2470,7230
BULUR,20,88,12,1452,2667,9207
BULUT,13,91,12,1752,2967,9534
BURAK,17,63,15,843,1459,6433
BÜRKÜK,21,103,26,1682,3102,10398
BURULDAY,32,122,17,2357,3583,14547
BÜYÜK,17,96,14,2342,3757,11752
BÜYÜKBULUT,30,187,26,4094,6724,21286
BÜYÜKCAM,25,116,18,2406,3832,13698
BÜYÜKCERAN,40,144,41,2621,4057,17649
BÜYÜKDOĞAN,40,146,45,2505,6616,16738
BÜYÜKKAL,23,126,21,2433,3859,12389
BÜYÜKKALAYCI,43,169,35,3347,4794,17788
BÜYÜKPASTIRMACI,63,226,59,3527,4994,25810
BÜYÜKTAŞ,21,144,27,3243,4669,18375
CAF,10,11,10,10,21,1486
ÇAĞIL,23,40,24,72,2698,2565
ÇAĞLAR,24,51,23,263,2885,5317
ÇAKIR,24,51,26,254,280,4045
ÇAKMAK,13,50,13,145,167,2748
ÇALIK,18,45,20,104,130,1490
ÇALIŞKANTÜRK,41,171,59,2015,2767,16497
CAMCI,20,34,17,77,103,2799
CAMGÖZ,29,76,21,1161,1272,3462
ÇAMUR,20,67,12,864,1480,7787
CAN,9,21,14,74,85,2810
CAN BORAN,32,80,43,427,534,8397
CANACANKATAN,30,100,53,761,801,11468
CANATAN,18,64,34,646,669,8146
CANBAZ,20,53,21,1077,1099,3204
CANBOLAT,23,81,35,707,814,6964
CANDAN,19,44,29,149,171,5711
CANDANER,33,71,42,354,386,8798
CANDEMİR,40,81,39,363,414,8912
ÇANGAL,20,46,24,132,154,4086
CANİK,20,47,26,134,170,4300
ÇANKAYA,20,66,20,1016,1039,7868
CANPOLAT,28,99,37,805,912,9484
CANSEVER,33,103,40,1384,1420,13572
CANTAY,19,74,23,1475,1497,10363
ÇANTAY,19,75,23,1475,1497,10363
CANTÜRK,25,106,38,1514,2240,12316
ÇATAK,9,44,17,545,562,4444
ÇATUK,11,68,16,1144,1760,7383
ÇAVDAR,22,59,25,1009,1031,8586
ÇAVLI,20,58,24,864,890,5165
ÇAY,11,33,4,904,915,5249
ÇAYLI,23,59,16,964,990,5524
CEBECİ,27,32,26,38,83,3500
ÇEÇEN,21,37,26,86,111,4105
ÇEKİÇ,22,40,23,71,111,3303
ÇELEBİ,27,45,25,85,130,2922
ÇELEN,21,48,25,133,158,3527
ÇELİK,22,51,22,118,158,2725
ÇELİKER,36,78,35,323,373,5812
ÇELİKTEN,34,98,45,693,748,8024
CELİLOĞLU,42,118,38,866,4196,7931
CELTEMEN,32,93,38,698,738,7962
CENGİZ,37,75,37,1105,1150,5216
ÇEPNİ,29,59,30,198,238,6795
CERAN,23,48,27,279,300,5897
ÇERİK,28,57,28,268,308,5280
CERİT,28,66,32,728,768,7997
ÇETE,15,40,21,513,533,4524
ÇETEMEN,29,79,36,648,683,7837
ÇETER,24,61,29,713,738,7204
ÇETİN,24,63,34,598,638,7202
ÇETİNER,38,90,47,803,853,10289
ÇETİNKAYA,35,107,40,1540,1592,12260
ÇETİNKOR,41,116,54,918,1048,10892
ÇETİNTAŞ,28,111,47,1499,1550,13825
ÇEVİK,23,63,28,868,908,6565
ÇEVİKER,37,90,41,1073,1123,9652
ÇEVİRGEN,47,101,54,1110,1165,12176
CEYLAN,24,70,21,1029,1055,7666
ÇİÇEK,22,40,23,71,111,3303
ÇİÇEKBİLEK,43,89,44,188,268,5405
ÇİFT,20,47,25,529,564,5471
ÇİFTCİ,32,62,36,552,612,7374
ÇİFTÇİ,32,63,36,552,612,7374
ÇİLDİR,37,69,33,297,357,6702
ÇİLESİZ,38,100,30,1398,1463,7030
CILIZ BASHEER,63,137,59,1595,1661,10043
CİMBEK,25,53,22,130,175,3701
ÇİMEN,26,55,26,158,198,5216
ÇINAR,27,54,32,284,310,5640
ÇINARLIK,41,94,48,384,430,6205
CİNBİZ,36,75,35,1115,1175,5160
CİNDEMİR,48,92,46,382,452,9890
ÇINKIR,37,78,45,333,373,5858
ÇINKIT,30,81,45,633,673,6185
ÇİNPOLAT,36,111,44,824,950,10462
ÇİPE,24,42,20,128,163,4910
ÇIRAKOĞLU,43,118,44,992,4308,9416
CİRİT KOÇER,57,135,63,1071,1226,13590
ÇİTİL,26,67,29,593,648,6235
ÇOBAN,17,42,24,156,252,3610
ÇOBANOĞLU,36,109,42,894,4280,8981
ÇOBANYILDIZI,66,152,64,2140,2286,9395
ÇOKER,25,63,28,328,428,4800
ÇÖL,12,38,11,143,243,1323
ÇOLAK,15,52,18,174,270,2060
ÇOLAKEROL,38,112,41,509,700,5992
ÇÖLBE,19,46,18,150,260,1810
CÖMERT,29,89,30,858,973,8313
ÇOMUT,18,87,19,1243,1938,8612
ÇOPUR,28,88,23,983,1678,9864
ÇÖREKLİ,37,91,36,408,543,5900
CORUT,23,91,27,1383,2078,10271
COŞAR,20,66,24,684,780,7719
COŞGUN,25,94,32,1160,1860,10792
COŞKUN,20,100,29,1193,1893,10153
COŞKUNER,34,127,42,1398,2108,13240
DADALI,22,38,22,70,97,2307
DADLI,21,37,21,69,95,2085
DAĞ,12,15,13,13,2624,2381
DAĞDELEN,34,64,39,147,2783,5999
DAĞLI,24,41,25,73,2699,2656
DAĞLIOĞLU,43,108,43,811,6727,8027
DAL,8,21,7,55,66,1141
DALYAN CİLO,42,115,39,1179,1311,10320
DAM,9,22,5,65,76,2037
DANIŞOĞLU,39,124,47,1223,4539,11816
DARAMAN,25,62,25,337,360,7046
DAYANGAÇ,29,65,27,987,1015,9301
DAYLAK,18,64,12,996,1018,5977
DEDE,18,22,18,18,38,2402
DEDEMOĞLU,41,105,36,816,4131,8794
DEDEOĞLU,37,89,36,756,4066,7773
DEĞİRMENCİ,60,107,59,395,3075,11662
DEĞİRMENCİ AKAR,73,144,73,637,3329,15076
DEMİR,31,60,25,289,329,6102
DEMİR GÖÇMEN,61,130,56,524,679,11542
DEMİRAY,39,89,26,1190,1236,10648
DEMİRBAŞ,35,86,32,692,743,9798
DEMİRCAN,40,81,39,363,414,8912
DEMİRDAĞ,43,75,38,302,2953,8483
DEMİREL,39,81,32,344,394,6634
DEMİRELLİ,51,108,42,414,489,7959
DEMİRER,45,87,38,494,544,9189
DEMİRGAN,44,86,43,367,418,9138
DEMİRHAN,45,88,45,369,420,9933
DEMİRKAPI,50,106,44,440,501,9364
DEMİRKOL,42,107,39,459,589,7237
DEMİRÖZ,45,108,35,1379,1514,6689
DEMİRTAŞ,35,108,38,1190,1241,12725
DEMİRTÜRK,47,145,49,1729,2484,15608
DENİZ,31,69,31,1099,1139,4378
DERE,23,38,22,214,234,4288
DERHEM,35,64,31,283,313,7033
DESTEGÜL,30,112,35,1571,2306,12501
DEVECİ,30,59,33,837,882,7476
DEVELİ,30,71,32,884,929,6898
DİKİCİ,36,58,35,107,182,5387
DİKOĞLU,34,98,34,802,4122,7655
DİL,16,32,14,74,104,2119
DİLEK,23,52,23,119,159,2816
DİLLİ,28,59,24,144,199,3444
DİLMEN,30,71,29,209,254,5432
DİNCER,35,64,38,302,347,7669
DİNÇER,35,65,38,302,347,7669
DİNLER,35,76,37,349,394,7091
DİRİCAN,40,71,42,318,379,8684
DİVARCI,39,80,42,1038,1089,9714
DOĞAN,23,50,31,163,2859,4986
DOĞANGÜZEL,49,134,53,1925,5341,10068
DÖKMECİ,33,75,30,222,357,4910
DOKUMACIOĞLU,51,160,48,1536,5537,12432
DÖNERTAŞ,33,116,46,1270,1391,12884
DÖNMEZ,32,92,29,1229,1344,4694
DORUK,24,83,24,924,1619,7645
DÜGER,28,66,28,916,1636,8339
DUMAN,17,64,15,735,1351,7083
DUMLU,17,86,6,1314,2529,8262
DUMLUDAĞ,29,101,19,1327,5153,10643
DÜNDAR,26,75,31,979,1700,9904
DURAN,22,69,23,875,1491,8742
DURÇ ÖZTÜRK,49,188,49,3337,4762,17431
DURMAN,26,85,23,935,1556,9763
DURMAZ,29,97,17,1865,2486,7970
DURMUŞ,24,115,16,1864,3084,14211
DURSUN,25,115,22,1774,2994,14984
DURUK,21,90,16,1444,2659,10086
DUYAN,20,76,15,1575,2191,10386
DUYSAK,18,95,9,1845,2466,12094
DUYU,17,83,4,2104,3314,11440
DÜZ,15,60,12,1704,2414,4415
DÜZCE,23,69,20,1712,2432,5525
DÜZEL,23,81,19,1759,2479,4947
DÜZGÜN,30,111,33,2481,3901,10758
DÜZKALIR,39,122,37,2005,2741,7882
EFE,16,19,16,16,31,1375
EKEN,17,43,24,120,140,2989
EKER,21,47,22,250,270,3784
EKİCİ,28,47,28,88,143,3800
EKİNCİ,33,64,38,158,218,5685
EKİZ,24,61,21,1065,1100,1989
ELBÜKEN,25,86,32,872,1602,6723
ELÇİ,20,37,18,78,113,2435
ELÇİÇEK,30,61,30,126,176,3835
ELDEM,21,48,16,124,149,2754
ELGÖRMÜŞ,38,134,36,1512,2332,12580
ELİK,19,47,19,115,150,2022
ELLİALTI,35,99,38,686,742,5361
ELMAAĞAÇ,25,53,21,129,2757,4287
ELVERDİ,39,92,40,1084,1134,9578
EMELİ,26,55,20,140,180,3160
EMET,16,52,18,570,590,4842
EMİRLİOĞLU,58,149,49,1093,4443,12004
EMLAKÇIOĞLU,46,134,43,907,4233,8289
EMLEK,19,57,16,160,185,2250
EMRE,23,49,18,270,290,4515
ENGİZ,34,72,34,1102,1142,4513
ERASLAN,25,83,27,627,654,8844
ERAT,17,52,22,706,722,6316
ERBAŞ,18,53,20,608,629,6783
ERCAN,23,48,27,279,300,5897
ERDAĞ,26,42,26,218,2839,5468
ERDAL,22,48,20,260,281,4228
ERDEM,27,54,22,274,299,5309
ERDEM ÖZCAN,50,123,46,1438,1569,8706
ERDEN,28,55,32,284,309,6173
ERDOĞAN,37,77,44,368,3074,8073
ERDOĞMUŞ,39,123,37,1357,4667,13542
EREL,22,48,20,260,280,3619
EREN,24,50,28,280,300,5379
ERGE,26,41,25,217,237,4423
ERGİNEL,43,85,45,357,407,7633
ERGİNTÜRK ACAR,65,175,75,1947,2714,20434
ERGÖZ,35,83,30,1302,1412,4603
ERGÜLÜ EŞMEN,50,170,54,2202,3647,18313
ERGÜN,29,78,34,982,1702,9430
ERKAN,22,59,28,316,337,5484
ERKEN,26,64,32,320,345,5669
ERKURAN,34,105,36,1116,1742,11325
EROĞLU,33,94,31,943,4243,8458
EROL,23,60,23,335,430,3932
ERŞEN,25,73,32,680,705,8773
ERSOY,28,95,21,1485,1585,11434
ERSÖZ,29,97,23,1595,1705,6977
ERTAN,22,69,32,776,797,8201
ERTAŞ,18,75,26,1106,1127,9710
ERTEKİN,37,100,48,840,890,9876
ERTEM,25,73,26,770,795,7522
ERTÜRK,30,112,37,1645,2370,12593
ERTÜRKLER,47,154,52,1900,2640,15805
ERYAVUZ,37,137,26,3506,4132,14851
ERYILMAZ,46,127,30,2226,2267,9021
ERZURUM,41,143,25,2665,3890,13202
ESEN,16,51,20,380,400,6002
ESER,20,55,18,510,530,6797
EŞFER,26,63,28,616,641,7449
EŞKAZAN,23,91,29,1517,1544,6512
ESKİMEZ,34,105,26,1430,1480,6720
EŞME,15,51,14,470,490,5229
ESMERAY,32,100,19,1471,1502,12364
ETLEÇ,18,55,23,563,588,4649
EVCİ,21,48,24,828,863,6275
EVİK,20,59,25,865,900,5862
EVMEZ,26,84,22,1870,1895,5892
EVRAN,24,72,32,1076,1097,9159
EVREN,28,77,36,1080,1105,9344
EVRENOS,35,117,44,1460,1570,13367
EYİSOY,35,114,21,2205,2325,14278
EYLEN,25,72,22,1030,1055,7148
EYÜP,22,80,13,1705,2420,10860
EZER,27,62,22,1210,1230,3586
FAKIOĞLU,37,100,39,795,4106,6594
FEYZULLAHOĞLU,63,203,47,3359,7285,16112
FİDAN,25,42,29,101,137,4662
FİLİZ,35,75,28,1096,1151,3178
FİLİZAY,43,104,29,1997,2058,7724
FINDIK GÜVENDİ,72,166,90,1746,2531,16539
FIRAT,27,64,33,717,743,6620
FİŞEKCİ,35,77,38,494,559,7755
GAYRETLİ AYDIN,69,177,64,2668,2745,20269
GAZETECİ TEKİN,63,162,76,2176,2267,13756
GAZİ,25,50,20,1028,1059,2443
GEÇMEN,29,57,30,150,180,5352
GEDİK YILMAZ,59,145,45,2097,2168,9554
GEDİKLİ,39,72,38,146,211,4945
GEDÜK,21,59,24,756,1476,5949
GELEGEN,37,66,41,149,184,5089
GENÇ,20,35,25,85,105,3924
GENÇ TALAS,28,98,37,937,974,10803
GENCAN,26,52,36,156,182,6031
GENÇDAL,28,56,32,140,171,5065
GENÇER,34,62,38,290,320,7011
GENÇPINAR,51,105,58,466,512,11461
GENÇTÜRK,36,120,49,1525,2260,13430
GENEL,25,52,29,137,162,3753
GENEZ,30,66,31,1087,1112,3720
GERDAN,31,58,35,287,313,6917
GERGER,42,70,40,424,454,8032
GERİLMEZ,50,113,39,1347,1402,6861
GEYİK,30,68,24,972,1012,7150
GEZİCİ,41,70,35,1055,1115,4531
GİDER,34,52,32,236,276,6010
GİNİŞ,31,72,37,517,572,8608
GİRAY,33,70,24,1128,1164,9355
GÖÇEN,26,54,31,175,285,4419
GÖDE,22,38,22,106,211,2625
GÖK,15,41,17,137,237,1714
GÖKALP,26,77,24,288,399,4661
GÖKCE,23,50,25,145,255,2824
GÖKÇE,23,51,25,145,255,2824
GÖKÇEK,25,65,29,185,300,3114
GÖKÇEN,28,68,35,215,330,4709
GÖKGÜL,28,90,30,894,1704,6297
GÖKKOCA,27,77,33,261,452,3649
GÖKMEYDAN,41,114,37,1177,1303,10367
GÖKSEL,24,84,24,492,607,5549
GÖKSOY,29,109,25,1417,1607,10061
GÖKTAŞ,19,89,30,1038,1149,8337
GÖKTEN,27,88,40,712,827,7013
GÖKTEPE,34,97,39,747,867,8135
GÖKTÜRK,31,126,41,1577,2392,11220
GÖLEMEZ,38,99,29,1217,1337,3476
GÖNCÜ,24,73,30,870,1675,7541
GÖRDÜK,31,93,33,1041,1851,8717
GÖRENEKLİ,51,118,55,487,632,8418
GÖRKEM,33,84,30,402,517,5822
GÖRMELİ,43,97,36,432,567,6857
GÖRMÜŞ,30,113,29,1457,2267,12048
GÖRÜNMEZ,47,142,44,2132,2952,11038
GÖZAÇAN,31,79,32,1172,1284,4548
GÖZCÜ,27,85,24,1800,2605,5748
GÖZKAYA,32,100,23,2039,2151,6574
GÖZÜGÜL,37,131,34,2554,4064,9628
GÜÇLÜ,19,79,20,1460,2875,8815
GÜL,13,49,13,757,1467,4583
GÜL ÖZMEN,41,136,38,1982,2802,8483
GÜLBAHAR,34,84,34,970,1697,9511
GÜLCAN,22,70,27,831,1552,7393
GÜLDAMLA,26,87,21,873,1600,6967
GÜLEÇ,21,59,21,765,1485,5693
GÜLEN,23,72,28,832,1552,6875
GÜLEN AKKÜÇÜK,39,171,52,2356,4497,15728
GÜLENAY SÜMER,53,192,46,2998,4444,22361
GÜLER,27,76,26,962,1682,7670
GÜLEŞEN,29,101,37,1237,1967,10676
GÜLLÜ,19,90,19,1507,2922,8237
GÜLŞAN,20,90,28,1228,1949,10084
GÜLŞEN,24,95,32,1232,1957,10269
GÜLSOY,27,117,21,2037,2837,12930
GÜLTEKİN,36,122,48,1392,2142,11372
GÜMÜRDÜ,33,128,31,2371,4491,16011
GÜMÜŞ,18,99,19,1867,3282,12402
GÜMÜŞAY,26,128,20,2768,4189,16948
GÜMÜŞÇÜ,24,129,26,2570,4690,16634
GÜNAY,23,80,22,1678,2394,10889
GÜNAYDIN,41,113,46,1762,2498,13718
GÜNBEY,29,87,28,1684,2409,11154
GÜNDOĞDU,39,113,45,1473,5478,13177
GÜNDÜZ,30,111,33,2481,3901,10758
GÜNEBAKAN,31,92,44,896,1628,9449
GÜNEŞ,21,80,30,1182,1902,10144
GÜNEY KOCABAŞ,43,147,49,2209,3031,16705
GÜNEYSU,31,132,26,2582,3907,17538
GÜNGÖR,37,99,42,1074,1884,10447
GÜNGÖR UZUNOĞLU,75,262,74,4082,9392,24117
GÜNGÖRMEZ,54,150,51,2139,2964,11967
GÜNYEL,30,100,28,1732,2457,11199
GÜRAKAN,28,88,35,1019,1741,9757
GÜRBOSTAN,36,139,48,1860,2671,16355
GÜRBÜZ,32,112,29,2609,4029,10839
GÜRDAL,27,76,26,962,1683,8279
GÜRDEMİR,50,115,44,1196,1946,13240
GÜREL,27,76,26,962,1682,7670
GÜRER,33,82,32,1112,1832,10225
GÜRPINAR,50,125,52,1288,2024,14675
GÜRSOY,33,123,27,2187,2987,15485
GÜVEN,24,84,34,1582,2302,10715
GÜVEN MEŞE,39,135,48,2052,2792,15944
GÜVENÇ,27,88,37,1585,2310,11418
GÜVERCİN,45,120,53,1805,2555,15298
GÜVEREN,38,111,47,1787,2517,13802
GÜZEL,26,84,22,1762,2482,5082
GÜZELKÜÇÜK,39,168,41,3245,5380,13423
HAKYOL,27,86,24,1080,1181,7405
HALHALLI,36,78,36,180,217,4417
HALICI,33,51,35,83,119,3074
HALİS,22,60,20,380,416,6574
HAMDEMİRCİ,56,102,46,382,458,10972
HANCIOĞLU,45,109,51,831,4147,10055
HAŞİMOĞLU,42,129,40,1228,4554,12932
HASSAN,17,73,21,681,703,10659
HATİPOĞLU,46,134,48,1368,4694,14124
HAVAS,15,61,19,1111,1128,9436
HEPKAYA,31,80,24,1056,1083,9789
HEYBET,29,76,29,1421,1451,9949
HİÇDURMAZ,49,123,37,1897,2548,11597
HİÇYILMAZ,52,126,37,2053,2114,9561
HIDIROĞLU,58,125,59,971,4296,10869
HODJAOGLU,39,113,45,861,1647,10575
HÖKE,21,49,24,144,249,2916
HOŞER,29,78,34,694,794,8925
HÜSEYİNOĞLU,57,188,54,2742,6777,21743
HÜSEYNİ,38,121,36,2004,2749,16372
İBİŞOĞLU,40,116,40,1180,4520,11245
İÇBAY,22,47,14,926,962,6529
İLBAY,22,58,13,973,1009,5951
İLERİ,35,66,31,295,350,5612
İLGEN,29,58,32,152,192,4546
ILGIN,33,62,39,147,182,3239
İLGÜN,27,78,31,847,1582,7668
İLHAN,26,55,30,150,186,5156
İLİK,23,53,22,130,180,2815
İLKAY,22,70,15,1011,1047,6161
İLKER,28,68,27,315,355,4702
İMALI,26,55,21,141,182,2718
İMAMOĞLU,37,112,27,879,4200,8835
İNAN,20,47,29,161,192,5192
İNANÇ,23,51,32,164,200,5895
İNANMAZ,33,93,34,1222,1264,6527
İNCE,22,38,26,98,133,4195
İNCEOĞLU,41,105,44,836,4161,9566
İNCİ KENAR,48,103,57,429,500,10472
İNER KÖKSAL,43,141,48,816,962,10897
İNSELÖZ,37,120,35,1535,1670,7507
İPEK,23,52,21,165,200,4497
İPLİKÇİ,42,89,37,253,333,7318
İRİS,28,67,24,540,590,8383
İSEN,20,57,23,395,430,6795
İŞGÖREN,42,106,48,792,927,10990
IŞIK,21,59,28,460,490,3984
IŞIKALAN,31,93,42,582,624,6438
IŞIKLI,33,85,40,520,565,4259
ISSI,20,66,20,620,650,6906
İŞTAR,22,81,29,1121,1157,10503
İSTEK,19,78,25,865,905,8207
İVACIK,28,68,34,874,920,6530
İZCİ,29,56,23,1043,1093,3195
İZGİ,33,61,27,1047,1097,3421
KAAN,9,33,16,112,124,2619
KABA,6,18,8,44,56,814
KABACAOĞLU,29,89,30,786,4094,7110
KABAKUŞ,12,80,16,1084,1706,7659
KABİL KUCUR,37,132,32,1556,2807,11912
KACEMER,29,67,26,314,345,5730
KAÇER,20,46,21,249,270,4302
KAÇIRA,25,52,27,255,282,4267
KADAK,10,35,14,86,103,1818
KADI,16,31,19,55,76,1456
KAHRAMAN,31,81,34,382,410,8266
KAHREMAN,35,86,38,386,418,8451
KAHYA,19,54,15,951,968,6782
KALA,7,31,8,92,104,859
KALEM,15,52,12,156,177,2065
KALIPCI,34,75,34,214,255,4240
KALKAN,14,62,22,202,224,3034
KALYENCİ,35,96,33,1089,1140,9156
KALYONCU UÇAR,46,172,40,2548,3865,18196
KAMACI,20,46,19,115,142,2608
KAN,8,32,15,111,122,2397
KANAT,11,57,24,612,629,5626
KANDEMİR,39,92,40,400,451,8499
KANIK YÜKSEK,39,167,46,2146,2897,14980
KANKILIÇ,34,87,44,224,270,3815
KANNECİ,30,70,41,209,255,6592
KANSU,12,79,15,1011,1627,8861
KANYILMAZ,40,132,32,2132,2174,8331
KAPAR,20,57,18,342,359,6014
KAPÇAK,16,54,17,185,207,4327
KAPLAN,19,68,22,262,284,5344
KAPLANKIRAN,45,132,55,583,631,10571
KARA,13,37,14,242,254,3414
KARAAĞAÇ,25,52,27,255,2879,5926
KARAALP,24,73,21,393,416,6361
KARAARSLAN,33,114,36,864,898,11851
KARAASLAN,24,93,28,664,693,9171
KARABAĞ,23,49,25,253,2876,5081
KARABULUT,26,128,26,1994,3221,12948
KARACA,17,41,18,246,264,4339
KARACAN,22,58,28,316,339,6224
KARACAN ,22,58,28,316,339,6224
KARACAN ERŞEKERCİ,70,170,78,1194,1277,18392
KARADAĞ,25,52,27,255,2878,5795
KARADAĞ GEÇGEL,55,99,56,332,2985,9295
KARADAŞ,19,66,23,647,670,7824
KARADAVUT,27,119,35,2147,2775,14563
KARADEMİR,44,97,39,531,583,9516
KARADENİZ,44,106,45,1341,1393,7792
KARADUMAN,30,101,29,977,1605,10497
KARADURAK,32,103,31,1087,1715,10561
KARAGÖZ,34,93,31,1339,1451,4930
KARAHAN,27,65,34,322,345,7245
KARAİSMAİLOĞLU,59,182,51,1431,4789,15856
KARAKAN,21,69,29,353,376,5811
KARAKAŞ,17,75,23,683,706,7320
KARAKAYA,24,81,20,1184,1208,8472
KARAKILIÇ,39,92,43,355,402,4832
KARAKÖK GÜNGÖR,60,183,70,1486,2408,14936
KARAKÖSE,27,98,29,677,794,7909
KARAKOYUN,36,139,36,1932,2639,13794
KARAKOYUNLU,42,179,38,2582,3894,17080
KARAKULAK,24,106,25,973,1601,7502
KARAKUM,22,92,18,942,1564,7886
KARAKURT,29,121,34,1582,2209,12552
KARAKUŞ,19,99,22,1282,1904,10259
KARAKUŞ EPÇAÇAN,44,152,49,1465,2114,17001
KARALAR,26,74,25,493,516,6441
KARAMAHMUTOĞLU,54,196,50,2210,6133,18941
KARAMAN,23,71,25,373,396,6542
KARAMANLI,35,97,37,433,471,6817
KARAMEŞE,28,88,28,712,744,8643
KARAN,18,54,24,312,329,5299
KARAOĞLANOĞLU,54,164,61,1189,7187,13102
KARAOĞLU,32,104,32,980,4282,8785
KARAPIÇAK,35,87,36,396,434,7379
KARASU,17,84,14,1142,1759,9878
KARATAŞ,17,85,27,1143,1166,10037
KARATOPRAK,40,135,47,1163,1276,12933
KARÇİN,29,69,34,334,375,6980
KARCIOĞLU,43,117,44,992,4308,9416
KARDAŞ,18,65,22,646,668,7602
KARKIN,28,78,37,361,392,5517
KARLI,24,62,25,301,327,3467
KARNAS,19,76,24,612,634,8602
KARPUZ,30,110,21,1941,2562,9045
KARPUZOĞLU,49,177,39,2679,6590,14416
KARSLI,25,84,25,601,632,6770
KARTAL,18,76,24,792,814,6546
KASAP,12,58,10,442,459,6637
KASAPOĞLU,31,125,28,1180,4487,12008
KAŞIKÇI,27,78,36,504,545,5199
KASKALAN,16,85,23,503,531,6559
KATRAN,20,78,32,812,834,8306
KAVMAZ,20,88,18,1902,1924,5812
KAVUKOĞLU,31,148,35,2219,6125,13299
KAVURGACI,39,111,42,1662,2299,12322
KAYA,11,44,6,942,954,5058
KAYAALP,22,80,13,1093,1116,8005
KAYABAŞ,15,70,13,1345,1368,8754
KAYACAN,20,65,20,1016,1039,7868
KAYAOĞLU,30,111,24,1680,4982,10429
KAYAYURT,32,142,22,3142,3769,18230
KAYHAN,24,71,25,1021,1043,8667
KAYIHAN,33,82,35,1031,1063,8817
KAYKA,13,58,10,982,999,5348
KAYKI,21,68,19,991,1017,5276
KAYKISIZ,39,130,33,2301,2347,8821
KAYLAN,19,76,18,1062,1084,7068
KAYMAN KÖSE,34,138,31,1507,1634,12459
KAYNAK,18,75,20,1052,1074,7233
KAYRA,20,65,14,1142,1159,7738
KAZAN,17,62,20,1112,1129,2711
KAZANCI,29,76,33,1125,1157,3564
KAZBEK,20,66,20,1088,1114,1381
KEBAPCILAR,42,94,40,412,459,7479
KEÇECİ,27,45,28,76,121,3710
KEKLİKÇİOĞLU,54,158,56,956,4316,9876
KELERCİOĞLU,55,144,53,1061,4401,11183
KELEŞ,16,64,20,500,525,4623
KEMİK,22,62,21,165,205,3208
KENDİRLİ,46,102,49,409,479,8581
KERİMOĞLU,48,136,43,1063,4393,10969
KESER,22,69,22,550,575,7087
KESGİN,29,79,34,442,487,8014
KESİK,19,68,21,405,445,5490
KESİM,21,70,17,425,465,6221
KEŞKEK,17,77,26,530,560,5078
KESKİN,24,85,31,475,520,7375
KEVKİR,31,94,37,1105,1150,8832
KHALİL,26,67,26,170,211,3686
KILAÇ,18,45,20,104,130,1490
KILAVUZ,30,122,29,2501,3132,8005
KILBACAK,23,61,27,147,184,2082
KILIÇ,26,55,29,113,148,1418
KILIÇ YILDIRIM,80,173,73,1357,1447,10812
KILIÇCIOĞLU,57,136,60,864,4204,7642
KILIÇOĞLU,45,122,47,851,4176,6789
KILINÇ,31,72,39,183,223,3303
KINALIOĞLU,48,136,55,919,4245,8193
KINDIR,38,79,46,334,374,5949
KINIK,27,67,38,170,205,2765
KIR,20,46,22,250,270,3120
KIRAÇ,24,51,26,254,280,4045
KIRAN,26,64,33,321,347,5227
KIRASLAN,31,102,36,672,709,8877
KİRAZ,29,77,25,1261,1297,4484
KIRBAŞ,24,72,29,653,684,6816
KIRCALI,36,76,38,314,355,4320
KİREÇÇİ,40,73,39,291,356,7183
KIRHAN,34,74,42,330,361,6951
KIRIŞ,30,80,36,660,695,6664
KİRİŞCİ,42,97,43,703,783,10667
KIRLANGIÇ,48,102,55,391,442,7134
KIRLI,32,72,34,310,345,3395
KISA,13,48,15,351,372,3965
KISA KARAKAYA,37,129,35,1535,1580,12437
KISAOĞLU,32,115,33,1089,4400,9336
KİŞİ,21,61,24,480,530,6084
KITAY,21,78,23,1451,1477,7993
KIVRAK,27,88,35,1091,1122,7597
KIYAK,21,68,19,991,1017,5276
KIYAK YILMAZ,53,168,36,3012,3069,11210
KIZANOĞLU,44,139,47,1859,5175,8010
KIZILDAĞ,43,95,43,1123,3769,3188
KIZILMEŞE,46,131,44,1580,1635,6036
KIZILTEPE,50,136,52,1720,1775,7228
KIZILTOPRAK,58,178,63,2031,2167,10326
KIZMAZ,32,100,23,2111,2142,1867
KIZMAZOĞLU,51,167,41,2849,6170,7238
KOÇ,11,36,15,123,213,1713
KOCA,12,36,16,124,215,1935
KOCABAŞ,16,62,23,527,629,5631
KOCABIYIK,41,102,42,1086,1212,6929
KOCAKAYA ALTUNDAL,45,183,50,2342,3072,16534
KOCAMAN,22,70,27,255,357,5063
KOÇAR,21,58,24,324,420,4615
KOÇARSLAN,31,113,37,745,857,10150
KOCASARAÇ,27,85,29,629,737,9065
KOCAYİĞİT,46,121,48,1572,4318,13031
KOÇER,25,63,28,328,428,4800
KOÇOĞLU,30,103,33,861,4241,7084
KOCUBEYOĞLU,47,163,40,2368,6363,15056
KOÇYİĞİT,45,121,47,1571,4316,12809
KÖKSAL,15,85,17,521,632,4725
KÖKSOY,24,115,22,1450,1640,9422
KOL,11,47,14,170,260,1135
KOLSUZ,23,123,18,2070,2770,7691
KOLUŞ,15,95,18,1170,1865,7690
KONUK,18,88,26,830,1525,6346
KONURALP,36,131,37,1141,1847,11683
KOPAN,21,70,27,291,387,5717
KOPTUR,29,122,32,1520,2220,12458
KOR,17,53,20,320,410,3690
KORKMAZ,32,113,29,1421,1527,5315
KORKMAZOĞLU,51,180,47,2159,5555,10686
KORKUT,24,116,32,1460,2160,10148
KÖROĞLU,36,121,36,1068,4458,8836
KORUCU,26,106,23,1523,2818,10715
KÖSE,14,61,15,435,540,4495
KÖSEOĞLU,33,128,33,1173,4568,9866
KÖŞKER,25,97,31,775,890,7556
KOTTAŞ,14,104,33,1521,1622,10640
KÖYCÜ,21,90,17,1733,2538,9341
KÖYLÜ,21,102,16,1780,2585,8763
KÖYLÜOĞLU,40,169,34,2518,6613,14134
KOYUNCU,29,130,25,2293,3593,14244
KOZANOĞLU,41,146,45,1929,5315,8580
KUBAT,10,66,15,1143,1759,6760
KÜÇÜK,13,84,19,1483,2898,8341
KÜÇÜKCERAN,36,132,46,1762,3198,14238
KÜÇÜKGÖNCÜ,37,157,49,2353,4573,15882
KÜÇÜKÖZKAN,35,164,44,2684,4205,11325
KÜÇÜKYILDIZ,53,183,49,3457,4912,13976
KUCUR TÜLÜBAŞ,35,205,40,3796,6432,23881
KUDAY,17,73,9,1545,2161,8791
KÜFECİLER,45,110,45,1029,1784,9902
KULA,9,55,7,691,1302,3798
KULAÇ,12,59,10,694,1310,4501
KULAK GEDİK,38,114,39,807,1463,7708
KULAKSIZ,29,131,25,2041,2677,7633
KUMBUL,17,97,8,1352,2572,7838
KUMRAL,22,92,15,951,1572,7499
KUNAK,13,71,19,751,1367,5848
KURALAY,26,105,16,1792,2414,11024
KURT,16,84,20,1340,1955,9138
KURT GÜNEY,43,169,46,3022,4357,20212
KURTPINAR,47,154,53,1721,2362,16675
KURTULUŞ,26,172,26,2990,4815,18979
KURU,17,85,12,1440,2650,9292
KURUL,20,100,14,1490,2705,9417
KUŞ,6,62,8,1040,1650,6845
KUŞAKÇI,21,92,26,1094,1725,8210
KUSERLİ,32,115,27,1215,1860,11166
KUŞKU,11,101,12,1680,2895,10296
KUTAN,13,81,23,1211,1827,8565
KUTLAR,20,100,23,1391,2012,9485
KUTLUCAN BAĞCI,44,150,52,1888,5740,15074
KUTLUYURDU,39,207,26,4094,6524,23864
KÜTÜK,12,104,24,1980,3395,10645
KÜTÜKCÜ,18,133,31,2683,4803,14877
KÜTÜKOĞLU,31,171,42,2718,7423,16016
KUYUCU,21,120,7,2743,4558,14800
LAĞARLI,33,73,32,320,2952,4889
LEVENT,24,95,38,1430,1460,9796
LEYMUNÇİÇEĞİ,63,154,52,1744,5029,16501
MAĞATUR,27,97,26,1370,4592,11678
MALÇOK,19,68,18,234,335,3081
MANAV,15,62,20,932,949,7315
MART,16,62,17,761,777,6930
MAVİ,18,56,17,881,912,6408
MELEKOĞLU,38,124,34,898,4213,7621
MEMETOĞLU,39,135,36,1368,4683,11234
MEMİŞ,23,73,17,545,585,7043
MENDEŞ,24,73,28,544,574,7908
MENEKŞE,27,88,33,585,620,7811
MENTEŞ,22,92,32,1040,1070,10121
MERCAN,27,64,27,339,365,6918
MERDEN,32,71,32,344,374,7194
MERHAMETSİZ,56,163,48,2160,2226,15084
MERSİN,33,94,31,655,700,10496
MERT,20,67,21,765,785,7115
MERTOL,29,100,31,895,1000,7960
MESCİ HAFTACI,52,116,54,918,990,13223
METE,16,52,18,570,590,4842
METİNEREN,49,125,59,935,995,12899
MİRZA,31,79,21,1281,1317,5215
MOLLA,17,65,13,241,337,2213
MÖNÜR,27,99,28,1120,1925,9610
MORAN,25,73,27,411,507,6528
MÜEZZİNOĞLU,61,202,53,3593,7628,13597
MÜFTÜOĞLU,37,166,40,2704,7409,17018
MUMCUOĞLU,36,152,21,2061,6566,14438
MURT,18,86,16,1360,1975,9869
MUTLU,15,105,10,1810,3025,10475
MUTLUER,29,132,23,2015,3240,13562
NACAR,19,43,23,275,292,5712
NACAROĞLU,38,110,41,1013,4320,11083
NADASTEPE,31,102,38,986,1023,12847
NALBANT,19,77,34,694,721,7426
NAR,15,39,19,271,282,4787
NART,17,63,27,771,787,7794
NASIROĞLU,44,139,47,1319,4635,13611
NASUHBEYOĞLU,51,178,45,2625,6546,20477
NİMETİGİL,53,122,56,752,842,10974
NİZAM,27,75,23,1151,1187,4420
NOZOĞLU,38,131,40,1888,5268,8068
NUHVEREN,44,129,55,1759,2394,16114
NURÇİN,34,96,39,963,1603,11514
NURLU,23,103,20,1520,2735,11012
OCAK,12,36,16,124,215,1935
ÖCAL,13,38,12,144,245,1545
ÖCALAN,19,56,23,215,322,3652
ÖDEN,20,47,25,169,274,3581
OFLAZ,24,70,21,1137,1233,1720
OFLAZOĞLU,43,137,39,1875,5261,7091
ÖĞÜT AYDIN,44,140,51,2283,5709,15771
ÖĞÜTMEN KOÇ,43,153,56,1556,5061,13422
OĞUZ,24,81,20,1688,4978,5338
OĞUZSOY,38,149,28,2968,6348,13685
OKÇU,14,61,15,723,1413,4874
ÖKMEN,22,72,25,265,375,4098
OKTAY,18,85,21,1521,1617,8563
ÖKTEM,19,79,23,695,805,5220
OKUDAN,21,80,27,795,1491,7072
OKULU,17,97,14,1370,2660,7457
OKUR,20,78,20,920,1610,6851
OLCAR,22,58,22,334,430,4450
OLGAÇ,20,46,21,141,237,2699
OLGEN,26,64,32,212,312,4066
ÖLKER,25,75,25,385,495,3997
OLMAZ,22,79,15,1191,1287,2180
OLPAK,19,68,19,271,367,3957
OMAY,18,63,9,1041,1132,6287
ÖNAL,15,52,19,211,312,2727
ÖNAL MUSALAR,37,153,31,1423,2146,13461
ONAN,17,53,29,221,312,4712
ONAR ŞEKERCİ,55,142,64,1024,1165,14588
ONAT,14,60,27,651,742,5834
ONAY,19,64,19,1051,1142,7151
ÖNCEL,22,60,26,218,328,3615
ÖNDE,20,47,25,169,274,3581
ÖNDER,29,68,33,369,479,6261
ÖNDER SİVİŞ,53,164,61,1909,2074,19323
ÖNER,25,63,29,365,470,5467
ÖNEY KURNAZ,51,177,48,2976,3702,15441
ONRAT,23,81,35,851,947,8514
ONUK,16,74,22,790,1480,6056
ÖNVERMEZ,46,141,46,2230,2355,10952
ORAK,18,54,21,321,412,3912
ORAL,19,55,19,331,422,3747
ÖRDEK,26,65,27,339,449,4666
ORDULU ŞAHİN,52,172,54,2034,3365,19066
ÖREN,25,63,29,365,470,5467
ÖRENÇ,28,67,32,368,478,6170
ORHAN,29,67,36,360,456,7231
ORHON,34,84,43,439,614,7729
ORMAN,25,73,27,411,507,6528
ÖRNEK,27,77,33,405,515,5757
ORTA,18,64,25,781,872,6629
OSMANCA,21,78,23,515,617,8076
ÖTER,22,70,27,795,900,6589
ÖVEN USTAALİOĞLU,59,236,67,3175,7207,23363
OYNAK,21,78,23,1091,1187,7441
ÖZ,14,48,10,1090,1185,587
ÖZALP,25,84,17,1241,1347,3534
OZAN,20,65,23,1151,1242,2919
ÖZAN SANHAL,39,132,44,1592,1715,10175
ÖZANLAĞAN,37,109,43,1291,4009,6513
ÖZASLAN,25,104,24,1512,1624,6344
ÖZATA,18,74,20,1592,1694,4038
ÖZATEŞ,23,102,28,1996,2107,7617
ÖZAVCI AYGÜN,54,170,54,3582,4414,16516
ÖZAYDIN,40,110,35,2075,2196,7962
ÖZBEK,23,70,21,1137,1247,1364
ÖZBEY,28,84,17,1997,2107,5398
ÖZBEYLER,45,126,32,2252,2377,8610
ÖZCAN,23,69,24,1164,1270,3397
ÖZCANLI,35,95,36,1224,1345,3672
ÖZCANOĞLU,42,136,42,1902,5298,8768
ÖZÇAY,25,81,14,1994,2100,5836
ÖZÇELİK,36,99,32,1208,1343,3312
ÖZÇELİK ORAL,55,154,51,1539,1765,7059
ÖZDAMAR,33,92,24,1356,1468,5526
ÖZDEMİR,45,108,35,1379,1514,6689
ÖZDEMİR AKDUR,64,174,52,2224,2975,13836
ÖZDEMİRKIRAN,71,172,68,1700,1861,11916
ÖZDEN,28,76,29,1169,1279,3673
ÖZDENOĞLU,47,143,47,1907,5307,9044
ÖZDİL,30,80,24,1164,1289,2706
ÖZDOĞAN,37,98,41,1253,4044,5573
ÖZDOĞAN KAVZOĞLU,71,236,76,3832,9929,15513
ÖZEK,21,68,19,1135,1240,1284
ÖZEKLİ MISIRLIOĞLU,96,269,87,2583,6053,15559
ÖZEL,22,69,17,1145,1250,1119
ÖZEN,24,71,25,1165,1270,2879
ÖZER,28,75,23,1295,1400,3674
ÖZER ÇELİK,50,126,45,1413,1558,6399
ÖZGÜNER,43,126,44,2072,2887,10017
ÖZGÜR,33,103,29,1997,2802,7725
ÖZGÜROL,42,136,39,2127,3017,8570
ÖZHAN,28,76,30,1170,1276,4418
ÖZİŞ,24,83,22,1510,1630,5181
ÖZKAN,22,80,25,1201,1307,2984
ÖZKANLI,34,106,37,1261,1382,3259
ÖZKAYA,25,92,16,2032,2139,5645
ÖZKAYNAR,39,130,34,2302,2419,10210
ÖZKIRIŞ,44,128,46,1750,1880,7251
ÖZKURT,30,132,30,2430,3140,9725
ÖZKURT PÜRCÜ,55,228,53,4133,6258,22766
ÖZLÜ,20,89,16,1840,2640,4241
ÖZMEN,28,87,25,1225,1335,3900
ÖZMEN SÜNER,51,179,52,2500,3330,15704
ÖZMUK,23,103,14,1790,2495,5059
ÖZSAYGILI,51,144,40,2368,2504,9790
ÖZSAYIM,36,126,21,2361,2482,9607
ÖZSOY,28,116,18,2370,2555,8934
ÖZTAŞ,18,96,23,1991,2097,7210
ÖZTOPRAK,41,146,43,2011,2207,10106
ÖZTÜRK,30,133,34,2530,3340,10093
ÖZTÜRKERİ,53,172,55,2755,3595,14380
ÖZÜAK,20,89,19,1831,2632,4628
ÖZÜDOĞRU,46,152,42,2682,6772,12836
ÖZYÖRÜK,41,156,32,3020,3920,11905
PAKÖZ,24,83,19,1231,1337,3699
PAKSOY,24,103,17,1421,1522,11459
PARA,18,43,14,302,314,5724
PARASIZ,36,105,28,1612,1644,9269
PARLAK,23,72,20,392,414,6139
PAZIR,34,82,27,1311,1337,5744
PEHLİVAN,42,108,47,1055,1106,12128
PEKDOĞAN,37,90,44,308,3019,8283
PEKEL,22,61,20,200,225,3829
PEKER,28,67,26,350,375,6384
PEKGÖZ,35,96,30,1242,1357,4813
PEKTAŞ,18,88,26,1046,1072,9920
PEYNİRCİ,54,119,46,1318,1388,14999
PINARBAŞILI,56,133,62,854,916,11658
PİRDOĞAN,48,103,51,483,3209,11466
PİRİ,34,65,28,340,390,7680
PİRİM,38,81,28,400,455,8701
PIRTI,36,87,40,820,855,8587
PİŞİRGEN,52,119,54,822,892,14295
POLAT,19,78,23,731,827,6674
POLAT ÇİÇEK,41,118,46,802,938,9977
POSTALLI,32,126,35,1091,1207,10252
POTA,16,63,21,681,772,6549
PULAT,16,85,15,1251,1867,9115
RENÇBER,38,77,41,485,520,8842
SAATÇIOĞLU,36,130,41,1553,4870,12978
SABAZ,13,55,8,1304,1321,3919
SAÇLI,17,53,16,364,390,4503
SADİ AYKAN,31,101,29,1337,1385,12462
SADIÇ,18,43,18,318,344,5172
SADUNOĞLU,33,137,33,1713,5619,14736
SAF,8,30,7,307,318,4086
SAĞ,9,32,9,309,2920,4890
SAĞCAN,18,53,23,383,3005,7700
SAĞDIK,24,62,27,363,2994,6124
SAĞIR,27,64,27,519,3145,7720
SAĞLAM,17,64,12,420,3042,6258
ŞAHAN,16,52,25,481,498,7447
ŞAHBAZ,21,66,21,1413,1435,5734
ŞAHİN,24,63,32,500,536,8425
ŞAHİN DUYAR,48,143,45,2205,2857,19606
ŞAHİNER,38,90,45,705,751,11512
ŞAİR,20,57,21,621,652,7496
SAK,4,37,5,341,352,3815
SAKA,5,38,6,342,354,4037
SAKALLI,20,79,20,452,484,4437
SAKALLIOĞLU,39,146,38,1190,4512,9808
SAKARYA,22,88,15,1443,1466,11263
SALDIRAY,35,104,26,1466,1503,11820
SALMAN SEVER,39,154,40,1792,1839,17540
SALTÜRK,21,123,27,1791,2517,13156
SANCAR,20,65,23,575,597,9015
SANDAL,15,61,18,426,448,6551
SANHAL,19,66,23,431,453,7481
ŞANLIER,33,94,40,736,772,8863
ŞANLIKAN,27,99,42,642,679,8173
SANSARCI,30,98,33,885,922,12468
SARAÇ,15,49,13,505,522,7130
SARAÇOĞLU,34,116,31,1243,4550,12501
SARAÇOĞLU ÇEKİÇ,56,156,54,1314,4661,15804
SARAL,15,60,12,552,569,6552
SARAYLI,31,99,22,1462,1494,11026
SARGIN,32,80,36,588,619,9169
SARI,20,55,19,511,532,6355
SARİ,20,56,17,521,552,7405
SARICA DAROL,47,119,46,850,973,11821
SARICANBAZ,40,108,40,1588,1631,9559
SARIÇİÇEK,42,95,42,582,643,9658
SARIEKİZ,44,116,40,1576,1632,8344
SARIGÜL,33,104,32,1268,1999,10938
SARIKAYA,31,99,25,1453,1486,11413
ŞARLAK,17,75,20,692,714,6933
SARP,18,64,13,601,617,8805
ŞAŞMAZ,16,93,14,1862,1884,8345
ŞATIR ERTEM,47,153,57,1881,1932,16975
ŞATIROĞLU,41,147,49,1849,5165,14824
SAVAŞ,8,74,14,1502,1519,11106
SAVĞA,14,60,18,1110,3727,9077
SAVRAN,21,89,28,1372,1394,12277
SAYGIN,30,87,28,1288,1319,10813
SAYIN,23,79,21,1281,1307,9884
SAYİNER,37,107,32,1496,1542,14021
SAYYİĞİT,43,136,33,2649,5315,18945
SEÇİR,27,65,24,528,568,8293
SEÇKİN,25,75,30,438,483,7788
SEĞMEN,27,76,28,448,3078,8388
ŞEKERLER,39,112,41,905,945,10390
SEKİN,22,71,27,435,475,7085
SELÇUK,17,86,14,998,1623,7989
SELİM,22,71,15,435,475,6056
ŞELİMAN,28,90,30,606,652,8254
SELVAN,19,88,26,1226,1252,9907
SELVİ,22,82,23,1175,1215,9000
SELVİOĞLU,41,149,41,1913,5243,14371
SEMERCİ,36,86,29,593,643,9721
ŞEN,11,46,19,475,490,5686
ŞEN,11,46,19,475,490,5686
ŞEN GÖKÇEİMAM,52,142,53,761,917,11974
ŞEN TANRIKULU,48,199,62,2546,3797,20367
ŞENCAN,20,67,33,549,575,8496
SENEMTAŞI,33,126,43,1351,1397,13796
ŞENER,25,73,32,680,705,8773
ŞENGÜL,24,95,32,1232,1957,10269
ŞENGÜLEROĞLU,57,189,63,2175,6200,18727
ŞENÖZ,25,94,29,1565,1675,6273
ŞENTÜRK,27,131,43,1915,2645,15192
SERBEST,25,103,28,1312,1347,13187
ŞERBETÇİ,36,98,43,1135,1190,11878
SERİN,29,78,31,595,635,9475
SERT,17,73,21,1005,1025,9397
SERTEL,25,94,28,1060,1090,9929
SERTKAYA,28,117,27,1947,1979,14455
SERTKAYAOĞLU,47,184,45,2685,6007,19826
SERTOĞLU,36,140,39,1743,5053,14768
SERVET,26,106,34,1810,1840,13769
SEVEN,20,78,28,1180,1205,9967
SEVER,24,82,26,1310,1335,10762
SEVİMLİ,35,110,31,1255,1320,11221
SEVİNÇ,27,88,34,1198,1243,11463
SEVİNGİL,43,119,48,1272,1342,13014
SEVÜK,15,95,21,1845,2565,11494
SEYHAN,27,84,25,1285,1311,11865
ŞEYHANLI,39,111,41,1445,1486,12231
SEYREK,29,97,22,1450,1480,11411
SEYREKOĞLU,48,164,40,2188,5508,16782
SEZEN,24,80,24,1380,1405,6094
SEZER,28,84,22,1510,1535,6889
SEZGİN,35,94,34,1402,1447,7816
SİĞA,18,44,17,329,2960,6090
SİL,13,49,10,370,400,4628
ŞİMŞEK,22,94,25,925,970,9706
SINICI,36,75,43,403,448,6341
SİPAHİ,35,77,30,450,506,10249
ŞİRİN,33,85,38,710,765,10359
ŞİRZAİ,37,98,33,1641,1697,8788
SİVRİ,32,94,32,1340,1395,12348
SOBAY,17,71,11,1283,1379,8649
SÖKER,23,82,23,635,745,7175
SÖKMEN,23,94,25,565,680,7401
SOLUK,15,94,14,1070,1765,7599
SOMAY,19,85,9,1341,1437,9590
SONAY,20,86,19,1351,1447,10454
SÖNMEZ,29,109,25,1525,1640,7203
SÖNMEZER,43,136,38,1730,1855,10290
SORGUN EVCİLİ,64,186,67,2155,2915,20278
SOYDAN,24,91,23,1355,1456,11248
SOYER,28,95,21,1485,1585,11434
SOYKAMER,35,126,26,1586,1697,12967
SÖYLEMEZ,39,141,22,2410,2535,10174
SÖYLER,31,111,21,1545,1660,11334
SOYTAŞ,18,116,21,2181,2282,14970
SÖZEN,25,93,25,1465,1575,6182
SÖZER,29,97,23,1595,1705,6977
SU,4,47,0,900,1505,6464
SU DUR,20,98,12,1704,2919,13099
SU KURT,20,131,20,2240,3460,15602
SUBARİ,25,83,19,1123,1759,10646
SUCAK,10,65,8,944,1560,7679
SÜL,7,63,6,1050,1760,6957
SULHAN,21,90,22,1030,1651,10420
SULTANOĞLU,34,171,39,2259,6170,17074
SÜLÜK,12,103,14,1790,3205,10776
SULUOVA,21,133,19,2431,3727,14657
SUMAN,14,81,11,1031,1647,9592
SÜMER,22,91,17,1265,1985,10940
SÜNER,23,92,27,1275,1995,11804
SUNGAR,26,94,26,1178,1799,12180
SÜRMEN AKYOL,46,184,42,2406,3227,18506
SÜRÜCÜ,22,124,23,2603,4718,17273
SÜRÜM,20,111,16,1960,3375,14062
SUSAM,10,86,1,1261,1877,11010
SUVARİ,27,108,25,1921,2557,14531
SÜVERAN,28,120,36,2076,2802,15991
SUZAN,18,94,15,1971,2587,8663
TACİR,24,61,28,724,760,7812
TAHTACI,26,74,40,1024,1056,9035
TALAN,12,58,22,622,639,5461
TALAS,8,63,12,852,869,6879
TAN,8,42,19,571,582,5114
TANİN,22,71,37,661,697,8199
TANİŞ,18,77,31,991,1027,9708
TANRIKULU,37,153,43,2071,3307,14681
TANRİVERDİ,57,146,68,1820,1896,18040
TANRIVERDİ YILMAZ,89,245,87,3831,3928,22924
TANTEKİN,31,115,54,1206,1257,11903
TARAKCI,27,75,35,755,787,7274
TARKAN,20,78,32,812,834,8306
TARLAN,21,79,30,822,844,8141
TAŞ,4,48,13,901,912,6623
TAŞAR,14,70,22,1102,1119,9525
TAŞCI,16,62,26,914,940,7476
TAŞDELEN,26,97,39,1035,1071,10241
TAŞKIN,20,90,37,1021,1052,8948
TAŞKIRAN,30,112,46,1222,1259,11850
TAŞLI,16,74,25,961,987,6898
TAŞMALI,21,91,26,1022,1054,8141
TAŞTEKİN,27,121,48,1536,1587,13412
TATAR,15,71,26,1202,1219,9138
TATLI,17,75,29,1061,1087,6511
TAVŞAN,14,93,32,1772,1794,12695
TAY,10,53,9,1401,1412,7553
TAYFUN,24,102,25,2077,2698,13160
TAYFUR,28,106,23,2207,2828,13955
TAYYAR,27,103,18,2502,2524,14779
TAZEOĞLU,35,127,36,2244,5550,9099
TEĞİN,28,68,39,603,3243,7864
TEHLİ,27,67,32,584,624,6463
TEKER,23,71,30,750,775,6791
TEKİN,23,73,35,635,675,6789
TEKİNSOY,37,141,43,1915,2045,15136
TEKİR,27,77,33,765,805,7584
TEKİŞ,19,79,29,965,1005,8298
TEL KANKILIÇ,44,132,59,779,840,7354
TEMEL,19,67,20,620,645,4967
TEMİZ,28,87,25,1585,1625,5727
TEMLİ,23,73,23,635,675,5760
TEMURTAŞ,27,140,34,2266,2897,16899
TEN,12,47,23,575,590,5299
TENEKECİ,36,88,48,648,703,8306
TEOMAN,23,82,32,716,817,7262
TEPE,19,56,22,610,630,6421
TEVDİK,26,88,37,1369,1414,9663
TEZEL,23,80,24,1560,1585,4038
TEZER,29,86,30,1710,1735,6593
TİKİCİ,34,77,39,603,678,7600
TİLBE,21,59,25,577,617,4819
TİMURTAŞ DAYAR,53,202,51,3387,4050,25934
TIRAŞ,22,80,31,1111,1137,9453
TOHUMOĞLU,42,160,43,1987,5972,15004
TOKAR,20,78,29,821,917,6919
TOKAT,13,81,29,1121,1217,7246
TOKATLIOĞLU,44,174,59,1919,5320,12892
TOKER,24,83,33,825,925,7104
TOKMAK,17,87,25,721,822,5550
TOKTAŞ,14,104,33,1521,1622,10640
TOLA,12,58,19,631,722,4074
TOLU,14,82,18,1230,1920,7013
TOMBUL,20,100,20,1292,1992,8114
TÖNGE,25,74,36,672,782,6723
TOPAK,18,77,25,721,817,6839
TOPAL,19,78,23,731,827,6674
TOPALKARA,32,115,37,973,1081,10088
TOPALOĞLU,38,145,41,1469,4855,12045
TOPÇU,21,91,23,1283,1978,10191
TOPCUOĞLU,40,157,41,2021,6006,15562
TOPER,29,89,33,885,985,9414
TOPKARA,28,99,34,922,1024,9741
TOPRAK,27,98,33,921,1022,9519
TOPTAŞ,19,110,33,1581,1682,12950
TOPUZ,26,116,24,2280,2975,9580
TOŞUR,21,111,28,1780,2475,12962
TOY,15,70,16,1480,1570,8051
TOYRAN,30,109,35,1751,1852,12838
TOZLU,22,111,22,2230,2925,7105
TÜFEKÇİ,30,93,38,1274,2019,9697
TÜFENK,23,94,37,1321,2046,9679
TUĞCUGİL,37,121,36,1788,5633,13651
TÜLPAR,25,107,27,1551,2272,12163
TÜLÜCE,19,100,26,1958,3378,11300
TUNÇ,13,70,21,1173,1788,8756
TUNCAY,21,98,22,2074,2695,13302
TUNÇAY,21,99,22,2074,2695,13302
TUNCEL,21,90,28,1228,1853,9288
TUNCER,27,96,34,1378,2003,11843
TURAÇ,18,75,20,1304,1920,9773
TURAN,20,88,27,1371,1987,10955
TURANOĞLU,39,155,45,2109,6015,16326
TÜRE,19,77,25,1405,2120,9623
TÜREMENOĞULLARI,74,231,79,2539,6580,21484
TURGUT,26,127,31,2407,3627,15945
TURĞUT,26,128,32,2408,6228,16381
TÜRKAY,24,114,25,2341,3062,14052
TÜRKDOĞAN,39,135,55,1603,5014,14492
TÜRKMEN ALBAYRAK,56,207,58,2770,3528,20984
TÜRKOĞLU,35,152,42,2178,6183,14877
TÜRKSOY,30,153,32,2720,3525,17853
TÜRKYILMAZ,48,185,41,3461,4207,15440
TURMUŞ,22,134,20,2360,3580,16424
TUTAR,17,95,25,1801,2417,12077
TUTAŞ,9,97,21,2001,2617,12791
TÜTEN,17,97,35,1775,2495,11835
UÇAR,16,51,12,804,1415,6766
ÜÇER,20,57,20,908,1623,7319
ÜÇGÜL,19,79,20,1460,2875,8815
UFACIK,24,61,24,660,1286,5087
UĞURLU,28,120,18,2058,6473,13653
UĞUZ,21,88,12,2208,6018,7779
ULAŞ,8,64,7,1051,1662,6902
ÜLGEN,23,72,28,832,1552,6875
ÜLGER,27,76,26,962,1682,7670
ÜLKEVAN,23,106,34,1666,2392,10423
ULU,9,65,2,1250,2455,6447
ULUBA,12,68,5,1253,2464,6749
ULUBAŞOĞLU,32,158,27,2391,6897,15514
ULUÖZ,23,113,12,2340,3640,7034
ULUSOY,23,133,10,2530,3825,14794
ULUTAŞ,13,113,15,2151,3367,13070
ÜNAL,12,59,17,821,1532,5761
ÜNALAN,18,77,28,892,1609,7868
ÜNGÜR,27,98,33,1677,3092,12552
ÜNLÜ,14,84,20,1520,2930,9068
ÜNSAL,13,81,17,1121,1837,9064
ÜNÜŞ,12,92,22,1870,3280,12337
ÜNÜVAR,25,118,35,2471,3887,15810
ÜNVER,26,97,35,1775,2495,12466
URAL,16,62,11,851,1462,6188
ÜREYEN,34,104,32,1880,2605,13232
URFALI,31,80,27,867,1493,6899
ÜRKMEZ,31,112,25,2005,2730,8019
URUÇ,18,75,11,1403,2613,9705
ÜRÜN,20,90,26,1670,3080,11623
USLU,10,87,2,1550,2760,9750
USLUBAŞ,14,113,9,1953,3174,13446
USLUSOY,24,155,10,2830,4130,18097
USTA GÜÇ,20,110,23,2111,3432,14854
ÜSTÜN,14,115,26,2270,3685,15253
ÜSTÜNDAĞ,26,130,39,2283,6309,17634
USUL,10,87,2,1550,2760,9750
UTLU,11,89,10,1750,2960,9454
UYANIK,27,96,25,1621,2247,10032
UYAR,20,75,9,1701,2312,10387
UYĞUN,25,104,18,2178,5993,13896
UYGUR,29,107,15,2307,3522,14255
UYKUR,24,113,12,2340,3555,13616
UYSAL,15,91,3,1851,2467,11135
UZ,11,54,4,1600,2205,3253
ÜZEN,21,78,23,1775,2490,5913
ÜZER,25,82,21,1905,2620,6708
ÜZÜM,18,97,12,2460,3870,8171
UZUN,19,96,14,2270,3480,8299
UZUNCA,23,100,18,2274,3490,9224
UZUNCAN,28,117,28,2344,3565,11109
VARICI,35,74,40,1024,1060,7870
VAROL,23,82,27,1131,1227,7712
VATANSEVER,37,152,54,2682,2724,20063
VEZİROĞLU BİRDANE,89,226,89,3065,6441,20983
VURAL,20,89,19,1651,2267,10153
VURGAN,29,99,34,1678,2299,12842
YABUL,16,71,5,1553,2169,7912
YACI,20,43,14,914,935,5399
YADİGAROĞLU,57,143,47,1871,5203,15742
YAĞAN,21,56,20,980,3597,8018
YAĞCI,27,52,22,922,3548,6764
YAĞCIZEYBEK,56,137,42,2874,5530,12364
YAĞLI,27,64,21,969,3595,6186
YAKAR,20,65,14,1142,1159,7738
YAKIŞAN,26,95,30,1422,1454,10487
YAKKAN,18,75,20,1052,1074,7233
YAKUT,15,92,13,2041,2657,11004
YALÇIN,28,76,26,1034,1065,7409
YALÇİN,28,77,24,1044,1085,8459
YALÇINKAYA,39,120,32,1976,2019,12467
YALINKILIÇ,51,127,52,1144,1205,8124
YALNIZ,33,101,27,2031,2062,6798
YAMAK,15,60,6,1002,1019,6079
YAMAN,18,63,12,1032,1049,7674
YANARDAĞ,35,83,33,1185,3813,11714
YANCAR,26,71,23,1175,1197,10036
YANIK,24,71,25,1021,1047,6871
YANMAZ,26,92,16,2032,2054,7766
YANNİ,27,75,29,1061,1097,9516
YAPAR,25,71,14,1202,1219,10048
YAPRAK,27,85,18,1242,1264,10338
YARADILMIŞ,48,132,40,1636,1688,13082
YARAR,27,72,18,1302,1319,10128
YARBİL,31,79,21,1173,1214,8631
YARDIMCI,46,96,36,1188,1234,10044
YASA,10,52,2,1202,1214,8071
YAŞAN,15,70,16,1372,1389,10047
YAŞAR,19,74,14,1502,1519,10842
YAŞİT,20,88,21,1821,1857,12147
YAVAŞİ,23,92,22,2122,2159,13327
YAVUZ,23,110,13,3301,3917,11764
YAVUZ SEZGİN,58,204,47,4703,5364,19580
YAYIKÇI,38,97,28,1864,1905,10163
YAZAK,19,73,10,1942,1959,5150
YAZICI,37,83,28,1924,1960,5641
YAZICI EROL,60,143,51,2259,2390,9573
YEGEN YILMAZ,61,165,44,3008,3064,13886
YEGİN,33,71,30,1002,1042,8745
YEL,15,49,7,955,970,4856
YENİAY,34,92,24,1896,1937,12362
YENİÇERİ,52,106,47,1223,1293,12806
YENİDOĞAN,49,113,54,1158,3889,12802
YENİDÜNYA,46,140,42,2670,3421,18570
YENİGÜN,41,114,44,1772,2517,14159
YENİLMEZ,46,129,34,2110,2165,9461
YENİN,31,80,33,1065,1105,9701
YERAL,25,71,16,1156,1177,7758
YERLİKAYA,44,126,29,2117,2169,13794
YEŞİL,25,84,19,1375,1415,9450
YEŞİLDAĞER,51,126,45,1593,4254,14918
YEŞİLFİDAN,50,126,48,1476,1552,14112
YEŞİLKAYA,36,128,25,2317,2369,14508
YEŞİLOVA,36,130,36,2256,2382,14357
YETER,28,85,26,1610,1635,10825
YETİZ,31,99,25,2425,2465,9030
YETKİNŞEKERCİ,64,186,72,2208,2303,20194
YİĞİT,34,85,32,1448,4103,11096
YİĞİT KUPLAY,57,188,43,3139,6415,21818
YILANLI,37,98,35,1091,1132,6981
YILDIRIM,54,118,44,1244,1299,9394
YILDIRIMÇAKAR,70,159,61,1489,1561,13511
YILDIZ,40,99,30,1974,2014,5635
YİLDİZ,40,101,26,1994,2054,7735
YILDIZ ALTUN,54,181,51,3195,3851,14035
YILDIZ BULUT,53,190,42,3726,4981,15169
YILDIZOĞLU,59,166,48,2712,6042,11006
YILMABAŞAR,38,119,29,1625,1668,12440
YILMAZ,32,100,17,2021,2052,5934
YILMAZ ÇİFTDOĞAN,75,197,73,2713,5475,16391
YILMAZ GELEBEK,61,157,47,2135,2201,8579
YILMAZ İNAL,50,145,38,2162,2224,9366
YÖNET,25,94,29,1565,1675,10118
YORGANCI,47,107,47,1271,1387,11613
YÖRÜK,27,108,22,1930,2735,11318
YÜCE,18,63,12,1608,2323,8963
YÜCEL,21,78,14,1658,2378,9088
YÜCETÜRK,34,148,36,3048,4478,18469
YÜKSEL,21,111,15,1995,2720,11978
YÜKSELMİŞ,35,162,27,2475,3230,17593
YUMAK,17,84,5,1601,2217,9018
YUMURTAŞ,30,163,21,3261,4487,20970
YURDAKÖK,34,127,27,1875,2591,12256
YURDAM,28,96,13,1765,2386,12202
YURDSEVEN,43,157,40,2884,3524,20926
YÜREK,26,95,21,1845,2565,11230
YURT,21,98,16,2200,2815,13172
YURTDAŞ,27,127,25,2605,3231,17582
YURTLU,27,138,18,2850,4070,16458
YÜZBAŞIOĞLU,50,187,43,3751,7772,17162
YÜZER,32,110,21,2805,3525,11032
ZAİM,22,58,13,1081,1112,2535
ZENGİN,39,89,44,1172,1217,6398
ZEYBEK,29,85,20,1952,1982,5600
ZEYLİ,32,90,19,1975,2015,6148
ZİLELİGİL,56,124,46,1222,1312,5403
ZORLU KARAYİĞİT,76,230,68,3620,6982,21288
ZUBAROĞLU,42,145,33,2541,6447,11606